{
    "40": {
        "LP_bounding_box": [
            646.815673828125,
            958.7625732421875,
            689.960693359375,
            982.1043701171875,
            0.428084135055542,
            0.0
        ],
        "data": {
            "ocr_result": {
                "processing_time": 30.011,
                "results": [
                    {
                        "box": {
                            "xmin": 0,
                            "ymin": 1,
                            "xmax": 40,
                            "ymax": 22
                        },
                        "plate": "7alo221",
                        "region": {
                            "code": "us-ca",
                            "score": 0.512
                        },
                        "score": 0.825,
                        "candidates": [
                            {
                                "score": 0.825,
                                "plate": "7alo221"
                            }
                        ],
                        "dscore": 0.502,
                        "vehicle": {
                            "score": 0.0,
                            "type": "Unknown",
                            "box": {
                                "xmin": 0,
                                "ymin": 0,
                                "xmax": 0,
                                "ymax": 0
                            }
                        }
                    }
                ],
                "filename": "0614_N49Oc_image.jpg",
                "version": 1,
                "camera_id": "None",
                "timestamp": "2025-02-13T06:14:47.304379Z",
                "image_width": 43,
                "image_height": 24
            }
        }
    },
    "42": {
        "LP_bounding_box": [
            1403.7816162109375,
            938.3650512695312,
            1452.9849853515625,
            965.0134887695312,
            0.34726861119270325,
            0.0
        ],
        "data": {
            "ocr_result": {
                "processing_time": 36.807,
                "results": [
                    {
                        "box": {
                            "xmin": 0,
                            "ymin": 0,
                            "xmax": 48,
                            "ymax": 24
                        },
                        "plate": "gy158n",
                        "region": {
                            "code": "us-wy",
                            "score": 0.019
                        },
                        "score": 0.716,
                        "candidates": [
                            {
                                "score": 0.716,
                                "plate": "gy158n"
                            },
                            {
                                "score": 0.709,
                                "plate": "gy15bn"
                            },
                            {
                                "score": 0.689,
                                "plate": "gyl58n"
                            },
                            {
                                "score": 0.689,
                                "plate": "y158n"
                            },
                            {
                                "score": 0.682,
                                "plate": "y15bn"
                            },
                            {
                                "score": 0.681,
                                "plate": "gyl5bn"
                            },
                            {
                                "score": 0.662,
                                "plate": "yl58n"
                            },
                            {
                                "score": 0.654,
                                "plate": "yl5bn"
                            },
                            {
                                "score": 0.651,
                                "plate": "gyi58n"
                            },
                            {
                                "score": 0.644,
                                "plate": "gyi5bn"
                            }
                        ],
                        "dscore": 0.337,
                        "vehicle": {
                            "score": 0.0,
                            "type": "Unknown",
                            "box": {
                                "xmin": 0,
                                "ymin": 0,
                                "xmax": 0,
                                "ymax": 0
                            }
                        }
                    }
                ],
                "filename": "0614_pUEiC_image.jpg",
                "version": 1,
                "camera_id": "None",
                "timestamp": "2025-02-13T06:14:48.597541Z",
                "image_width": 49,
                "image_height": 27
            }
        }
    }
}